id,カード名,種族１,種族２,レアリティ,コスト,文明１,文明２,カテゴリ
4EAR,暴虐虫タイラント・ワーム, パラサイトワーム, , C,1, 闇, , クリーチャー
AAAS,ねじれる者ボーン・スライム, リビング・デッド, , C,1, 闇, , クリーチャー
4EBU,孤独の影ロンリー・ウォーカー, ゴースト, , UC,1, 闇, , クリーチャー
DEAT,ブラック・スレイヤー, 呪文, , C,1, 闇, , 呪文
DEAS,うごめく者ボーン・グール, リビング・デッド, , C,2, 闇, , クリーチャー
GIAS,さまよう者ブレイン・イーター, リビング・デッド, , C,2, 闇, , クリーチャー
4EAQ,飛行男, ヘドリアン, , UC,2, 闇, , クリーチャー
SYBL,ブラッディ・イヤリング(PR), ブレインジャッカー, , BASIC,2, 闇, , クリーチャー
PUAC,ブラッディ・イヤリング, ブレインジャッカー, , BASIC,2, 闇, , クリーチャー
SYAC,臓裂虫テンタイク・ワーム, パラサイトワーム, , BASIC,2, 闇, , クリーチャー
SYBH,凶犬人形シ?ュンカツ, デスパペット, , C,2, 闇, , クリーチャー
V4BH,刃滅人形ポール, デスパペット, , C,2, 闇, , クリーチャー
GIAT,ゴースト・タッチ, 呪文, , C,2, 闇, , 呪文
V4AR,ダーク・リバース, 呪文, , UC,2, 闇, , 呪文
JMAS,ギガゾウル, キマイラ, , C,3, 闇, , クリーチャー
MQAS,虐食虫グリード・ワーム, パラサイトワーム, , C,3, 闇, , クリーチャー
PUAS,凶食虫スティンガーワーム, パラサイトワーム, , C,3, 闇, , クリーチャー
SYAS,ポイズン・ティアラ, ブレインジャッカー, , C,3, 闇, , クリーチャー
V4AS,捕らえる者ボーン・スパイダー, リビング・デッド, , C,3, 闇, , クリーチャー
AAAR,暗闇に潜む者バット・ドクター, ゴースト, , UC,3, 闇, , クリーチャー
DEAR,死胞虫エンリッチ・ワーム, パラサイトワーム, , UC,3, 闇, , クリーチャー
MQAD,ファントム・バイツ, 呪文, , BASIC,3, 闇, , 呪文
V4AC,嘆きの影ベルベットフロー, ゴースト, , BASIC,3, 闇, , クリーチャー
AABV,騒乱の影ウエスタン・バレル, ゴースト, , UC,3, 闇, , クリーチャー
SYBU,機械人形ガチャック, デスパペット, , UC,3, 闇, , クリーチャー
JMBV,砂男, ヘドリアン, , C,3, 闇, , クリーチャー
GIBV,貪欲の影グレイ・バルーン, ゴースト, , C,3, 闇, , クリーチャー
ZAAC,卵胞虫ゼリー・ワーム, パラサイトワーム, , BASIC,3, 闇, , クリーチャー
AABH,ボーンおどり・チャージャー, 呪文, , R,3, 闇, , 呪文
PUBV,ブラッディ・チャージャー, 呪文, , C,3, 闇, , 呪文
ZAAS,牙男, ヘドリアン, , C,4, 闇, , クリーチャー
4EAS,泥男, ヘドリアン, , C,4, 闇, , クリーチャー
GIAR,虚空の翼ダークモルダー, デーモン・コマンド, , UC,4, 闇, , クリーチャー
JMAR,カース・ペンダント, ブレインジャッカー, , UC,4, 闇, , クリーチャー
4EAP,呪いの影シャドウ・ムーン, ゴースト, , R,4, 闇, , クリーチャー
AAAQ,地獄の門番デスモーリー, デーモン・コマンド, , R,4, 闇, , クリーチャー
DEAQ,アンバー・ピアス, ブレインジャッカー, , R,4, 闇, , クリーチャー
4EAO,憤怒の猛将ダイダロス, デーモン・コマンド, , SR,4, 闇, , クリーチャー
PUAD,デス・スモーク, 呪文, , BASIC,4, 闇, , 呪文
AAAD,汽車男, ヘドリアン, , BASIC,4, 闇, , クリーチャー
ZABH,悪戯人形ハロ, デスパペット, , C,4, 闇, , クリーチャー
GIBH,黒神龍ギランド, ドラゴン・ゾンビ, , UC,4, 闇, , クリーチャー
V4BU,黒神龍ジャグラヴィーン, ドラゴン・ゾンビ, , R,4, 闇, , クリーチャー
ZABU,邪魂創世, 呪文, , UC,4, 闇, , 呪文
AABI,リバース・チャージャー, 呪文, , C,4, 闇, , 呪文
ZAAR,死の宣告, 呪文, , UC,4, 闇, , 呪文
V4AQ,プライマス・スクリーム, 呪文, , R,4, 闇, , 呪文
4EAC,暴食中グレゴリア・ワーム, パラサイトワーム, , BASIC,4, 闇, , クリーチャー
MQAR,ギガベロス, キマイラ, , UC,5, 闇, , クリーチャー
PUAR,剣舞の修羅ヴァシュナ, デーモン・コマンド, , UC,5, 闇, , クリーチャー
GIAQ,砕骨の刺客ゾルバス, デーモン・コマンド, , R,5, 闇, , クリーチャー
SYAQ,悪魔神ロックデウス, デーモン・コマンド, , R,5, 闇, , クリーチャー
MQAP,屑男, ヘドリアン, , VR,5, 闇, , クリーチャー
V4AP,魔獣虫カオス・ワーム, パラサイトワーム, , VR,5, 闇, , クリーチャー
DEAD,腐卵虫ハングワーム, パラサイトワーム, , BASIC,5, 闇, , クリーチャー
ZABG,暗黒皇女メガリア, ダークロード, , R,5, 闇, , クリーチャー
PUBH,戦艦男, ヘドリアン, , UC,6, 闇, , クリーチャー
JMBH,黒神龍ゾルヴェール, ドラゴン・ゾンビ, , UC,5, 闇, , クリーチャー
4EBH,デス・ハープ, ガーゴイル, , C,5, 闇, , クリーチャー
SYBG,傀儡将ボルギーズ, デーモン・コマンド, , VR,5, 闇, , クリーチャー
DEBV,ギガクローズ, キマイラ, , R,5, 闇, , クリーチャー
MQBV,煉獄の巨兵グアルダ, デーモン・コマンド, , C,5, 闇, , クリーチャー
DEBH,デモニック・バイス, 呪文, , R,5, 闇, , 呪文
GIBZ,腐敗勇騎ガレック, ゴースト, ヒューマノイド, R,5, 闇, 火, クリーチャー
AAAT,ギガボアー, キマイラ, , C,6, 闇, , クリーチャー
SYAR,憎悪の騎士ガミル, デーモン・コマンド, , UC,6, 闇, , クリーチャー
JMAQ,邪妃グレゴリア, ダークロード, , R,6, 闇, , クリーチャー
MQAQ,冥将ダムド, ダークロード, , R,6, 闇, , クリーチャー
JMAP,腐食虫スワンプワーム, パラサイトワーム, , VR,6, 闇, , クリーチャー
GIAD,暗黒の騎士ザガーン, デーモン・コマンド, , BASIC,6, 闇, , クリーチャー
SYAD,魔翼虫ジェノサイド・ワーム, パラサイトワーム, , BASIC,6, 闇, , クリーチャー
MQBU,黒神龍ブライゼナーガ, ドラゴン・ゾンビ, , SR,6, 闇, , クリーチャー
ZAAP,デーモン・ハンド, 呪文, , VR,6, 闇, , 呪文
PUBU,邪悪の魔黒デビル・マーシャル, ゴースト, , VR,6, 闇, , クリーチャー
V4BG,呪縛の剣豪バロスト, デーモン・コマンド, , VR,6, 闇, , クリーチャー
MQBH,恐怖の影スクリーム・アサシン, ゴースト, , R,6, 闇, , クリーチャー
4EBG,黒神龍イゾリストヴァル, ドラゴン・ゾンビ, , R,6, 闇, , クリーチャー
PUBG,超神龍アブゾ・ドルバ, ドラゴン・ゾンビ, , SR,6, 闇, , クリーチャー
DEBY,神滅竜騎ガルザーク, アーマード・ドラゴン, ドラゴン・ゾンビ, SR,6, 闇, 火, クリーチャー
V4BY,根絶のデクロワゾー, スピリット・クォーツ, , VR,6, 闇, 火, クリーチャー
AAAP,魔刻の騎士オルゲイト, デーモン・コマンド, , SR,7, 闇, , クリーチャー
JMAD,混沌の獅子デスライガー, デーモン・コマンド, , BASIC,7, 闇, , クリーチャー
MQBG,凶骨の邪将クエイクス, デーモン・コマンド, , SR,7, 闇, , クリーチャー
PUAQ,凶闘の魔神ギリエル, デーモン・コマンド, , R,8, 闇, , クリーチャー
PUA4,デーモン・ハンド(PR), 呪文, , VR,6, 闇, , 呪文
ZAAQ,いけにえの鎖, 呪文, , R,8, 闇, , 呪文
PUAP,ギガルゴン, キマイラ, , VR,8, 闇, , クリーチャー
GIAP,ロスト・ソウル, 呪文, , SR,8, 闇, , 呪文
GIAW,火炎流星弾, 呪文, , UC,1, 火, , 呪文
SYAP,妖姫シルフィ, ダークロード, , VR,8, 闇, , クリーチャー
DYAP,悪魔神バロム(SEC), デーモン・コマンド, , SR,8, 闇, , クリーチャー
DEAP,悪魔神バロム, デーモン・コマンド, , SR,8, 闇, , クリーチャー
JMAW,凶戦士ブレイズ・クロー, ドラゴノイド, , C,1, 火, , クリーチャー
MQAW,小さな勇者ゲット, ヒューマノイド, , C,2, 火, , クリーチャー
JMAV,奇襲兵ブルレイザー, ドラゴノイド, , UC,2, 火, , クリーチャー
MQAV,無謀鉄人チョイヤ, ヒューマノイド, , UC,2, 火, , クリーチャー
SYAV,リッピ・ポルタ, ファイアー・バード, , UC,2, 火, , クリーチャー
MQA5,クック・ポロン(PR), ファイアー・バード, , BASIC,2, 火, , クリーチャー
4EAD,クック・ポロン, ファイアー・バード, , BASIC,2, 火, , クリーチャー
ZAAD,喧嘩屋タイラー, ヒューマノイド, , BASIC,2, 火, , クリーチャー
AAAE,双神兵カミカゼ, アーマロイド, , BASIC,2, 火, , クリーチャー
V4AD,不死身男爵ボーグ, ヒューマノイド, , BASIC,2, 火, , クリーチャー
PUBI,ピーカプのドライバー, ゼノパーツ, , R,2, 火, , クリーチャー
JMBW,スクランブル・ブースター, 呪文, , UC,1, 火, , 呪文
PUAX,クリムゾン・ハンマー, 呪文, , C,2, 火, , 呪文
MQBW,ジョーのツールキット, ゼノパーツ, , C,2, 火, , クリーチャー
PUBW,ブラッドのカッター, ゼノパーツ, , C,2, 火, , クリーチャー
DEBW,一撃勇者ホノオ, ヒューマノイド, , UC,2, 火, , クリーチャー
AAB2,無頼勇騎ゴンタ, ヒューマノイド, ビーストフォーク, C,2, 火, 自然, クリーチャー
PUAW,突神兵ドガーン, アーマロイド, , C,3, 火, , クリーチャー
SYAW,騎兵総長キュラトプス, ドラゴノイド, , C,3, 火, , クリーチャー
V4AW,一撃必殺のホーバス, ヒューマノイド, , C,3, 火, , クリーチャー
ZAAW,チッチ・ホッピー, ファイアー・バード, , C,3, 火, , クリーチャー
PUAV,コッコ・ルピア, ファイアー・バード, , UC,3, 火, , クリーチャー
V4AV,解体屋ピーカプ, マシン・イーター, , UC,3, 火, , クリーチャー
ZAAV,クレーターザウルス, ロック・ビースト, , UC,3, 火, , クリーチャー
4EAU,ボルカニック・アロー, 呪文, , R,2, 火, , 呪文
JMAU,トット・ピピッチ, ファイアー・バード, , R,3, 火, , クリーチャー
JMBT,クリスタル・ブレイダー, リキッド・ピープル, , VR,2, 水, , クリーチャー
AABS,聖天使グライス・メジキューラ, イニシエート, , SR,2, 光, , クリーチャー
GIAE,炎獣兵マグナム・ブルース, ドラゴノイド, , BASIC,3, 火, , クリーチャー
SYAE,幻竜砲, 呪文, , BASIC,3, 火, , 呪文
V4BJ,エナジー・チャージャー, 呪文, , C,3, 火, , 呪文
MQBJ,エグゼズ・ワイバーン, アーマード・ワイバーン, , C,3, 火, , クリーチャー
JMBJ,突撃勇者アーニー, ヒューマノイド, , C,3, 火, , クリーチャー
V4BW,肉弾兵ウルティモ, ドラゴノイド, , C,3, 火, , クリーチャー
SYBW,爆撃闘士カーバイン, ヒューマノイド, , C,3, 火, , クリーチャー
DEAE,爆炎野郎ジョー, ヒューマノイド, , BASIC,3, 火, , クリーチャー
4EBZ,腐敗勇騎マルドゥクス, ゴースト, ヒューマノイド, UC,3, 火, 闇, クリーチャー
V4BZ,瞬発のタグタップ, スピリット・クォーツ, , UC,3, 火, 自然, クリーチャー
JMB2,翔天魔獣ギガッピ, キマイラ, ファイアー・バード, C,3, 火, 闇, クリーチャー
4EAW,撃神兵マシンガー, アーマロイド, , C,4, 火, , クリーチャー
AAAX,砲神兵バゴーン, アーマロイド, , C,4, 火, , クリーチャー
DEAX,超砲手ボルカノドン, ドラゴノイド, , C,4, 火, , クリーチャー
GIAX,カルドザウルス, ロック・ビースト, , C,4, 火, , クリーチャー
AAAV,マグマ・ゲイザー, 呪文, , R,3, 火, , 呪文
GIBJ,クリムゾン・チャージャー, 呪文, , UC,4, 火, , 呪文
MQAU,メテオザウルス, ロック・ビースト, , R,4, 火, , クリーチャー
ZAAE,機神装甲ヴァルディオス, ヒューマノイド, , BASIC,4, 火, , クリーチャー
MQAE,撃墜団長メッツァー, ヒューマノイド, , BASIC,4, 火, , クリーチャー
JMAE,掃討兵バーニング・ヘル, ドラゴノイド, , BASIC,4, 火, , クリーチャー
PUBJ,紅神龍メルガルス, ボルケーノ・ドラゴン, , C,4, 火, , クリーチャー
4EBI,ボルシャック・ルピア, ファイアー・バード, , UC,4, 火, , クリーチャー
4EBV,マイキーのペンチ, ゼノパーツ, , R,4, 火, , クリーチャー
JMAX,猛爆軍曹ボンバット, ドラゴノイド, , C,5, 火, , クリーチャー
SYAX,クエイク・ゲート, 呪文, , C,4, 火, , 呪文
DEAV,灼熱波, 呪文, , R,5, 火, , 呪文
MQAX,ガルザウルス, ロック・ビースト, , C,5, 火, , クリーチャー
4EAV,ガザリアス・ドラゴン, アーマード・ドラゴン, , UC,5, 火, , クリーチャー
AAAW,放浪の勇者ジージョ, マシン・イーター, , UC,5, 火, , クリーチャー
DEAW,マグマティラノス, ロック・ビースト, , UC,5, 火, , クリーチャー
ZAAU,機神装甲ヴァルカイザー, ヒューマノイド, , R,5, 火, , クリーチャー
AABJ,爆竜兵ドラグストライク, ドラゴノイド, , UC,5, 火, , クリーチャー
GIBW,機神装甲ガンダヴァル, ヒューマノイド, , UC,5, 火, , クリーチャー
JMBZ,無頼勇騎ウインドアックス, ヒューマノイド, ビーストフォーク, R,5, 火, 自然, クリーチャー
PUAU,怪神兵ナグール, アーマロイド, , R,6, 火, , クリーチャー
SYAU,勇神兵エグゾリウス, アーマロイド, , R,6, 火, , クリーチャー
V4AE,トルネード・フレーム, 呪文, , BASIC,5, 火, , 呪文
ZABI,サウザンド・スピア, 呪文, , R,6, 火, , 呪文
V4AT,襲撃者エグゼドライブ, ドラゴノイド, , VR,3, 火, , クリーチャー
PUAE,ボルシャック・ドラゴン, アーマード・ドラゴン, , BASIC,6, 火, , クリーチャー
V4BE,アストラル・リーフ, サイバー・ウイルス, , SR,2, 水, , クリーチャー
V4BI,紅神龍オグリストヴァル, ボルケーノ・ドラゴン, , R,6, 火, , クリーチャー
SYBI,テンペストザウルス, ロック・ビースト, , R,6, 火, , クリーチャー
SYBJ,ボルテール・ドラゴン, アーマード・ドラゴン, , C,6, 火, , クリーチャー
DEBJ,ボルカニック・ザウルス, ロック・ビースト, , UC,6, 火, , クリーチャー
SYAT,機神装甲ヴァルボーグ, ヒューマノイド, , SR,3, 火, , クリーチャー
4EAG,守護聖天ラルバ・ギア, ガーディアン, , VR,3, 光, , クリーチャー
ZABE,エンペラー・ジュニア, サイバーロード, , VR,3, 水, , クリーチャー
MQBY,アクア・リバイバー, リキッド・ピープル, , VR,4, 光, 水, クリーチャー
V4AU,メテオ・ドラゴン, アーマード・ドラゴン, , R,7, 火, , クリーチャー
PUBY,霊光の化身, ミステリー・トーテム, , VR,4, 光, 自然, クリーチャー
DEAY,無垢の宝剣, ビーストフォーク, , VR,4, 自然, , クリーチャー
MQAL,ストリーミング・ビジョン, 呪文, , VR,4, 水, , 呪文
ZABW,ダイヤモンド・ブリザード, スノーフェアリー, , SR,3, 自然, , クリーチャー
AABW,爆炎竜舞, 呪文, , R,7, 火, , 呪文
WQAK,クリスタル・パラディン(SEC), リキッド・ピープル, , SR,4, 水, , クリーチャー
V4AK,クリスタル・パラディン, リキッド・ピープル, , SR,4, 水, , クリーチャー
4EAK,マーチング・スプライト, サイバー・ウイルス, , SR,4, 水, , クリーチャー
4EBE,アクアン, サイバーロード, , SR,4, 水, , クリーチャー
AAAL,ラプター・フィッシュ, ゲル・フィッシュ, , VR,4, 水, , クリーチャー
GIAV,ドリル・トラップ, 呪文, , R,7, 火, , 呪文
DEAG,雷鳴の守護者ミスト・リエス, ガーディアン, , SR,5, 光, , クリーチャー
AABD,光器ぺトローバ, メガ・デル・ソル, , SR,5, 光, , クリーチャー
PUAG,真理の伝道師レイーラ, バーサーカー, , VR,5, 光, , クリーチャー
JMBD,守護聖天グレナ・ビューレ, ガーディアン, , VR,5, 光, , クリーチャー
DEAJ,予言者ジェス, ライトブリンガー, , C,1, 光, , クリーチャー
MQAK,プロテクト・フォース, 呪文, , C,1, 光, , 呪文
DE81,蒼天の守護者ラ・ウラ・ギガ, ガーディアン, , BASIC,1, 光, , クリーチャー
GIAJ,牽制の使徒カルエス, イニシエート, , C,2, 光, , クリーチャー
JMAJ,碧玉草, スターライト・ツリー, , C,2, 光, , クリーチャー
MQAJ,予言者カティノ, ライトブリンガー, , C,2, 光, , クリーチャー
PUAJ,予言者リュゾル, ライトブリンガー, , C,2, 光, , クリーチャー
GI88,雲霧の守護者ク・ラウド, ガーディアン, , BASIC,2, 光, , クリーチャー
ZABD,予言者ファルシ, ライトブリンガー, , UC,2, 光, , クリーチャー
JMBE,日輪の守護者ソル・ガーラ, ガーディアン, , C,2, 光, , クリーチャー
GIBE,電磁の使徒バルアス, イニシエート, , C,2, 光, , クリーチャー
4EAX,大昆虫ジェネラルマンティス, ギガント・インセクト, , SR,5, 自然, , クリーチャー
JM18,鎮圧の使徒サリエス, イニシエート, , BASIC,2, 光, , クリーチャー
SYAJ,弾丸の使徒イーレ, イニシエート, , C,3, 光, , クリーチャー
V4AJ,雷光の使徒ミール, イニシエート, , C,3, 光, , クリーチャー
ZAAJ,乱雲の使徒カルゴ, イニシエート, , C,3, 光, , クリーチャー
4EAJ,翡翠樹, スターライト・ツリー, , C,3, 光, , クリーチャー
AAAB,ソーラー・レイ, 呪文, , BASIC,2, 光, , 呪文
ZAAI,フル・ディフェンサー, 呪文, , UC,2, 光, , 呪文
4EAI,エンジェル・ソング, 呪文, , UC,3, 光, , 呪文
AAAK,予言者べクス, ライトブリンガー, , C,3, 光, , クリーチャー
DEAI,紅玉草, スターライト・ツリー, , UC,3, 光, , クリーチャー
GIBD,環剣の精霊アイギス, エンジェル・コマンド, , VR,5, 光, , クリーチャー
MQ08,晴天の守護者レゾ・パコス, ガーディアン, , BASIC,3, 光, , クリーチャー
MQBE,俊足の使徒ナイアル, イニシエート, , C,3, 光, , クリーチャー
MQBD,時空の守護者ジル・ワーカ, ガーディアン, , R,3, 光, , クリーチャー
AAAJ,ロジック・キューブ, 呪文, , UC,3, 光, , 呪文
PUBD,神魂の守護者シュノーク・ラー, ガーディアン, , R,3, 光, , クリーチャー
DEBS,曙の守護者パラ・オーレシス, ガーディアン, , R,3, 光, , クリーチャー
ZABS,雲海の守護者メッサ・バーナ, ガーディアン, , C,3, 光, , クリーチャー
4EBS,碧空の守護者リムル・エイド, ガーディアン, , C,3, 光, , クリーチャー
SYBZ,電脳聖者タージマル, イニシエート, リキッド・ピープル, UC,3, 光, 水, クリーチャー
SYBE,ソーラー・チャージャー, 呪文, , C,3, 光, , 呪文
DEAB,ムーンライト・フラッシュ, 呪文, , BASIC,4, 光, , 呪文
AABE,エレメンタル・シールド, 呪文, , UC,4, 光, , 呪文
DEBE,ライトニング・チャージャー, 呪文, , UC,4, 光, , 呪文
ZABZ,無頼聖者サンフィスト, ビーストフォーク, イニシエート, UC,3, 光, 自然, クリーチャー
ZAAH,グローリー・スノー, 呪文, , R,4, 光, , 呪文
DEB2,電磁賢者シリオン, グラディエーター, サイバーロード, C,3, 光, 水, クリーチャー
MQB2,勇猛幻風グリタリス, ホーン・ビースト, レインボー・ファントム, C,3, 光, 自然, クリーチャー
DEAK,捕縛の使徒ローム, イニシエート, , C,4, 光, , クリーチャー
GIAK,月光の守護者ディア・ノーク, ガーディアン, , C,4, 光, , クリーチャー
JMAK,陽光の求道者ル・パーレ, メガサンダー, , C,4, 光, , クリーチャー
GIAI,閃光の使徒レーナ, イニシエート, , UC,4, 光, , クリーチャー
JMAI,光魂の伝道士クルス, バーサーカー, , UC,4, 光, , クリーチャー
DEAH,光臨の精霊ピカリエ, エンジェル・コマンド, , R,4, 光, , クリーチャー
PU80,磁力の使徒マグリス, イニシエート, , BASIC,4, 光, , クリーチャー
V419,予言者コロン, ライトブリンガー, , BASIC,4, 光, , クリーチャー
PUBE,鋭刃の使徒グーレ・チェーン, イニシエート, , C,4, 光, , クリーチャー
4EBD,審問の精霊アールフリート, エンジェル・コマンド, , UC,4, 光, , クリーチャー
AABT,滅罪の使途レミーラ, イニシエート, , C,4, 光, , クリーチャー
SY90,琥珀草, スターライト・ツリー, , BASIC,4, 光, , クリーチャー
4EAH,ホーリー・メール, 呪文, , R,4, 光, , 呪文
V4BS,ジャスティス・バインド, 呪文, , UC,4, 光, , 呪文
GIAY,天空の超人, ジャイアント, , VR,5, 自然, , クリーチャー
JMAY,鳴動するギガ・ホーン, ホーン・ビースト, , VR,5, 自然, , クリーチャー
MQAI,希望の使徒トール, イニシエート, , UC,5, 光, , クリーチャー
GIAH,青嵐の精霊バルキア, エンジェル・コマンド, , R,5, 光, , クリーチャー
JMAH,暁の守護者ファルイーガ, ガーディアン, , R,5, 光, , クリーチャー
MQAH,閃光の伝道師ラグナ, バーサーカー, , R,5, 光, , クリーチャー
V4AH,聖霊王アヴァラス, エンジェル・コマンド, , R,5, 光, , クリーチャー
MQAY,鼓舞の化身, ミステリー・トーテム, , VR,5, 自然, , クリーチャー
ZUBJ,幻想妖精カチュア(SEC), スノーフェアリー, , SR,5, 自然, , クリーチャー
ZABJ,幻想妖精カチュア, スノーフェアリー, , SR,5, 自然, , クリーチャー
AAAI,ダイヤモンド・カッター, 呪文, , R,5, 光, , 呪文
DEBI,紅神龍バルガゲイザー, アーマード・ドラゴン, , SR,6, 火, , クリーチャー
DEAU,超巨岩獣ドボルカイザー, ロック・ビースト, , VR,6, 火, , クリーチャー
ZABY,無双竜機ドルザーク, アーマード・ドラゴン, アース・ドラゴン, VR,6, 火, 自然, クリーチャー
SYBD,予言者ミキュート, ライトブリンガー, , R,5, 光, , クリーチャー
PUBS,日向草, スターライト・ツリー, , R,5, 光, , クリーチャー
GIBS,予言者リク, ライトブリンガー, , R,5, 光, , クリーチャー
DEBT,警鐘の精霊セシール, エンジェル・コマンド, , C,5, 光, , クリーチャー
MQBZ,無頼聖者スカイソード, ビーストフォーク, イニシエート, R,5, 光, 自然, クリーチャー
AABZ,電脳聖者エストール, イニシエート, リキッド・ピープル, R,5, 光, 水, クリーチャー
PUAI,天空の守護者グラン・ギューレ, ガーディアン, , UC,6, 光, , クリーチャー
SYAI,雷撃の求道者ラ・ガイル, メガサンダー, , UC,6, 光, , クリーチャー
V4AI,雷電の求道者ラ・ビュー, メガサンダー, , UC,6, 光, , クリーチャー
GIAU,バースト・ショット, 呪文, , VR,6, 火, , 呪文
SYBV,紅神龍ジャガルザー, ボルケーノ・ドラゴン, , SR,6, 火, , クリーチャー
GIAB,守護聖天ラディア・バーレ, ガーディアン, , BASIC,6, 光, , クリーチャー
ZA00,浄化の精霊ウルス, エンジェル・コマンド, , BASIC,6, 光, , クリーチャー
MQAG,精霊王アルカディアス, エンジェル・コマンド, , SR,6, 光, , クリーチャー
NEAG,精霊王アルカディアス(SEC), エンジェル・コマンド, , SR,6, 光, , クリーチャー
SYBS,飛雲の求道者ダバ・トーレ, メガサンダー, , UC,6, 光, , クリーチャー
DEBD,聖天使クラウゼ・バルキューラ, イニシエート, , SR,6, 光, , クリーチャー
MQBS,ゲット・レディ, 呪文, , UC,5, 光, , 呪文
GIA4,バースト・ショット(PR), 呪文, , VR,6, 火, , 呪文
PUAH,聖弓の求道者レ・ビール, メガサンダー, , R,7, 光, , クリーチャー
SYAG,栄光の精霊アイリス, エンジェル・コマンド, , VR,6, 光, , クリーチャー
AAAH,ホーリー・スパーク, 呪文, , VR,6, 光, , 呪文
AABY,陽炎の守護者・ブルーメルキス, ガーディアン, , SR,6, 光, 水, クリーチャー
4E00,光輪の精霊シャウナ, エンジェル・コマンド, , BASIC,7, 光, , クリーチャー
AAAY,大勇者「ふたつ牙」, ビーストフォーク, , SR,6, 自然, , クリーチャー
AUAY,大勇者「ふたつ牙」(SEC), ビーストフォーク, , SR,6, 自然, , クリーチャー
SYAH,流星の精霊ミーア, エンジェル・コマンド, , R,8, 光, , クリーチャー
DEA4,ホーリー・スパーク(PR), 呪文, , VR,6, 光, , 呪文
GIBT,ルナ・ブリッツホーク, サイバー・ムーン, , SR,6, 水, , クリーチャー
PUAY,オブシディアン・ビートル, ギガント・インセクト, , VR,6, 自然, , クリーチャー
V4BD,光器サーシャ, メガ・デル・ソル, , R,8, 光, , クリーチャー
4EBF,トリア, サイバーロード, , C,1, 水, , クリーチャー
V4BL,フェアリー・ライフ(PR), 呪文, , BASIC,2, 自然, , 呪文
ZAAF,フェアリー・ライフ, 呪文, , BASIC,2, 自然, , 呪文
MQA2,大地の咆哮, 呪文, , UC,2, 自然, , 呪文
MQBL,パワー・チャージャー, 呪文, , C,3, 自然, , 呪文
MQBK,龍の呼び声, 呪文, , R,3, 自然, , 呪文
PUAN,ゼピメテウス, シー・ハッカー, , C,1, 水, , クリーチャー
V4AZ,スナイプ・モスキート, ギガント・インセクト, , UC,1, 自然, , クリーチャー
JMBX,冒険妖精ポレゴン, スノーフェアリー, , C,1, 自然, , クリーチャー
SYAN,エレガント・ランプ, サイバー・ウイルス, , C,2, 水, , クリーチャー
V4AN,狩猟魚, フィッシュ, , C,2, 水, , クリーチャー
ZAAN,アルオム, サイバーロード, , C,2, 水, , クリーチャー
DEBF,フェアリー・キャンドル, サイバー・ウイルス, , R,2, 水, , クリーチャー
PUBZ,腐敗電脳メルニア, リキッド・ピープル, ゴースト, UC,2, 水, 闇, クリーチャー
V4A2,アンビション・ビー, ギガント・インセクト, , C,2, 自然, , クリーチャー
ZAAZ,シビレアシダケ, バルーン・マッシュルーム, , UC,2, 自然, , クリーチャー
4EAE,炎のたてがみ, ビーストフォーク, , BASIC,2, 自然, , クリーチャー
ZAA2,原子の棍棒, ビーストフォーク, , C,2, 自然, , クリーチャー
4EA2,孤高の願, ビーストフォーク, , C,2, 自然, , クリーチャー
AABL,雪渓妖精マルル, スノーフェアリー, , UC,2, 自然, , クリーチャー
PUAZ,大勇者「大地の猛攻」, ビーストフォーク, , R,2, 自然, , クリーチャー
GIAF,ソード・バタフライ, ギガント・インセクト, , BASIC,3, 自然, , クリーチャー
PUA2,ディンジョン・ゲート, 呪文, , UC,3, 自然, , 呪文
GIBX,神秘の宝箱, 呪文, , R,3, 自然, , 呪文
PUBX,氷結ハンマー, 呪文, , UC,3, 自然, , 呪文
PUBK,ソイル・チャージャー, 呪文, , R,4, 自然, , 呪文
DEAF,銀の戦斧, ビーストフォーク, , BASIC,3, 自然, , クリーチャー
AAAF,青銅の鎧, ビーストフォーク, , BASIC,3, 自然, , クリーチャー
V4BX,雪溶妖精シャーマン・メリッサ, スノーフェアリー, , C,2, 自然, , クリーチャー
KAAT,ボルメテウス・ホワイト・ドラゴン(SEC), アーマード・ドラゴン, , SR,7, 火, , クリーチャー
JMAT,ボルメテウス・ホワイト・ドラゴン, アーマード・ドラゴン, , SR,7, 火, , クリーチャー
DEBL,怒髪の豪腕, ビーストフォーク, , C,2, 自然, , クリーチャー
SYBX,愛嬌妖精サエポヨ, スノーフェアリー, , C,2, 自然, , クリーチャー
4EAN,キング・クラーケン, リヴァイアサン, , C,3, 水, , クリーチャー
AAAO,アクア・ソルジャー, リキッド・ピープル, , C,3, 水, , クリーチャー
DEAO,アクア・チャージャー, リキッド・ピープル, , C,3, 水, , クリーチャー
DEBG,キャンディ・クラスター, サイバー・クラスター, , C,3, 水, , クリーチャー
AABG,シャン・ゼリー, サイバー・ウイルス, , C,3, 水, , クリーチャー
DEBU,アクア・トランサー, リキッド・ピープル, , C,3, 水, , クリーチャー
AABK,緑神龍ジオブリード, アース・ドラゴン, , VR,6, 自然, , クリーチャー
JMAF,フォレスト・ホーネット, ギガント・インセクト, , BASIC,4, 自然, , クリーチャー
AABU,ルナ・イーグル, サイバー・ムーン, , C,3, 水, , クリーチャー
AAA4,オーラ・ブラスター, 呪文, , C,4, 自然, , 呪文
SYA2,再誕の森, 呪文, , UC,4, 自然, , 呪文
GIB2,電影妖魔ドルメール, マーフォーク, ヘドリアン, C,3, 水, 闇, クリーチャー
PUAM,アングラー・クラスター, サイバー・クラスター, , UC,3, 水, , クリーチャー
MQBT,ビコラキス, シー・ハッカー, , R,3, 水, , クリーチャー
4EBY,幻槍のジルコン, スピリット・クォーツ, , R,3, 水, 闇, クリーチャー
GIBK,誕生の祈, ビーストフォーク, , R,3, 自然, , クリーチャー
AAA3,ブルーレイザー・ビートル, ギガント・インセクト, , C,3, 自然, , クリーチャー
DEA3,ランチャー・スパイダー, ギガント・インセクト, , C,3, 自然, , クリーチャー
4EAF,マドウ・スクラム, 呪文, , BASIC,4, 自然, , 呪文
GIA3,白銀の牙, ビーストフォーク, , C,3, 自然, , クリーチャー
JMA3,無敵の咆哮, ビーストフォーク, , C,3, 自然, , クリーチャー
SYAY,ナチュラル・トラップ, 呪文, , VR,6, 自然, , 呪文
JMA4,ナチュラル・トラップ(PR), 呪文, , VR,6, 自然, , 呪文
MQA4,アクア・サーファー(PR), リキッド・ピープル, , VR,6, 水, , クリーチャー
MQAT,ツインキャノン・ワイバーン, アーマード・ワイバーン, , SR,7, 火, , クリーチャー
PUAF,ウィップ・スコーピオン, ギガント・インセクト, , BASIC,5, 自然, , クリーチャー
MQAF,デスブレード・ビートル, ギガント・インセクト, , BASIC,5, 自然, , クリーチャー
SYAF,トゲ刺しマンドラ, ツリーフォーク, , BASIC,5, 自然, , クリーチャー
G4BI,超龍バジュラ(SEC), アーマード・ドラゴン, , SR,7, 火, , クリーチャー
GIBI,超龍バジュラ, アーマード・ドラゴン, , SR,7, 火, , クリーチャー
GIAO,シザー・アイ, ゲル・フィッシュ, , C,4, 水, , クリーチャー
JMAO,リボルバー・フィッシュ, ゲル・フィッシュ, , C,4, 水, , クリーチャー
MQAO,フェアリー・チャイルド, サイバー・ウイルス, , C,4, 水, , クリーチャー
PUAO,ペコタン, サイバーロード, , C,4, 水, , クリーチャー
GIBG,ウォール・クラスター, サイバー・クラスター, , C,4, 水, , クリーチャー
PUAK,アクア・サーファー, リキッド・ピープル, , VR,6, 水, , クリーチャー
V4BV,ガルクライフ・ドラゴン, アーマード・ドラゴン, , SR,7, 火, , クリーチャー
AAAG,大昆虫ガイアマンティス, ギガント・インセクト, , BASIC,6, 自然, , クリーチャー
DEAL,プラズマ・チェイサー, ゲル・フィッシュ, , VR,6, 水, , クリーチャー
GIBU,イリュージョン・フィッシュ, ゲル・フィッシュ, , C,4, 水, , クリーチャー
SYAM,ストーム・クロウラー, アースイーター, , UC,4, 水, , クリーチャー
PUAL,一角魚, フィッシュ, , R,4, 水, , クリーチャー
SYAZ,アルティメット・フォース, 呪文, , R,5, 自然, , 呪文
4EBK,プラント・トラップ, 呪文, , UC,5, 自然, , 呪文
4EAZ,マボロシキリダケ, バルーン・マッシュルーム, , UC,4, 自然, , クリーチャー
V4AY,秋風妖精リップル, スノーフェアリー, , R,4, 自然, , クリーチャー
ZAAY,念仏エルフィン, ツリーフォーク, , R,4, 自然, , クリーチャー
GIBY,無双竜機ボルバルザーク, アーマード・ドラゴン, アース・ドラゴン, SR,7, 火, 自然, クリーチャー
V4AF,咆哮するグレート・ホーン, ホーン・ビースト, , BASIC,7, 自然, , クリーチャー
SYBK,沈黙するバックラー・ホーン, ホーン・ビースト, , UC,4, 自然, , クリーチャー
GIAG,光翼の精霊サイフォス, エンジェル・コマンド, , SR,7, 光, , クリーチャー
JMBY,剛撃聖霊エリクシア, エンジェル・コマンド, ジャイアント, SR,7, 光, 自然, クリーチャー
JMAL,クリスタル・ランサー, リキッド・ピープル, , VR,6, 水, , クリーチャー
SYBY,覚醒のタンザナイト, スピリット・クォーツ, , VR,6, 水, 闇, クリーチャー
JMBK,レベリオン・クワキリ, ギガント・インセクト, , R,4, 自然, , クリーチャー
AABX,魅了妖精チャミリア, スノーフェアリー, , R,4, 自然, , クリーチャー
JMAB,アクア・ガード, リキッド・ピープル, , BASIC,1, 水, , クリーチャー
MQBX,食獣セニア, ツリーフォーク, , UC,4, 自然, , クリーチャー
ZAAT,バルキリー・ドラゴン, アーマード・ドラゴン, , VR,7, 火, , クリーチャー
4EAT,ミラフォース・ドラゴン, アーマード・ドラゴン, , VR,7, 火, , クリーチャー
GIAC,スパイラル・スライダー, 呪文, , BASIC,2, 水, , 呪文
4EBT,エマージェンシー・タイフーン, 呪文, , UC,2, 水, , 呪文
MQA3,シェル・キャノン, コロニー・ビートル, , C,4, 自然, , クリーチャー
PUA3,ハザード・ホッパー, ギガント・インセクト, , C,4, 自然, , クリーチャー
MQAB,アクア・ビーグル, リキッド・ピープル, , BASIC,2, 水, , クリーチャー
SYA3,銀の拳, ビーストフォーク, , C,4, 自然, , クリーチャー
V4AX,二角の超人, ジャイアント, , SR,7, 自然, , クリーチャー
AAAU,ガトリング・ワイバーン, アーマード・ワイバーン, , VR,7, 火, , クリーチャー
V4A3,激闘するフェザー・ホーン, ホーン・ビースト, , C,4, 自然, , クリーチャー
ZAA3,からみカズラ, ツリーフォーク, , C,4, 自然, , クリーチャー
GIBL,春風妖精ポップル, スノーフェアリー, , C,4, 自然, , クリーチャー
ZABX,シェル・レガシー, コロニー・ビートル, , C,4, 自然, , クリーチャー
MQBF,ウェーブ・ランス, 呪文, , R,3, 水, , 呪文
SYAO,トロピコ, サイバーロード, , C,5, 水, , クリーチャー
PUBL,アクア・ハルカス(PR), リキッド・ピープル, , BASIC,3, 水, , クリーチャー
PUAB,アクア・ハルカス, リキッド・ピープル, , BASIC,3, 水, , クリーチャー
ZAAO,エナジー・ライト, 呪文, , C,3, 水, , 呪文
JMAN,ジーニアス・ディザスター, 呪文, , UC,3, 水, , 呪文
DEAM,ミラクル・サーチャー, 呪文, , R,3, 水, , 呪文
JMAC,ネオ・ブレイン, 呪文, , BASIC,4, 水, , 呪文
ZABF,ブレイン・チャージャー, 呪文, , UC,4, 水, , 呪文
MQAN,ディープ・オペレーション, 呪文, , UC,4, 水, , 呪文
ZABV,ダブルソード・レッド・ドラゴン, アーマード・ドラゴン, , VR,7, 火, , クリーチャー
V4AB,ウォルタ, サイバーロード, , BASIC,3, 水, , クリーチャー
SYAB,キャンディ・ドロップ, サイバー・ウイルス, , BASIC,3, 水, , クリーチャー
V4AG,風撃の求道者ラ・バイル, メガサンダー, , VR,7, 光, , クリーチャー
JMBU,エレキチューブ・マンタ, ゲル・フィッシュ, , C,5, 水, , クリーチャー
V4AM,キング・ヘルゴラント, リヴァイアサン, , UC,5, 水, , クリーチャー
ZAAM,アクア・グラップラー, リキッド・ピープル, , UC,5, 水, , クリーチャー
DEAN,キング・ケール, リヴァイアサン, , UC,5, 水, , クリーチャー
SYAL,ソーサーヘッド・シャーク, ゲル・フィッシュ, , R,5, 水, , クリーチャー
V4AL,ミラージュ・マーメイド, ゲル・フィッシュ, , R,5, 水, , クリーチャー
PUBF,ストーク・クロウラー, アースイーター, , UC,5, 水, , クリーチャー
ZABT,アクア・ハルク, リキッド・ピープル, , UC,5, 水, , クリーチャー
V4BT,ルナ・スターベース, サイバー・ムーン, , UC,5, 水, , クリーチャー
JMBG,スパイラル・チャージャー, 呪文, , C,5, 水, , 呪文
GIAM,テレポーテーション, 呪文, , R,5, 水, , 呪文
JMAM,トリプル・ブレイン, 呪文, , R,5, 水, , 呪文
DEBZ,腐敗電脳アクアポインター, リキッド・ピープル, ゴースト, R,5, 水, 闇, クリーチャー
AAA2,アンブッシュ・スコーピオン, ギガント・インセクト, , UC,5, 自然, , クリーチャー
DEA2,奇面ざくろ, ツリーフォーク, , UC,5, 自然, , クリーチャー
4EAY,ブラッドウイング・マンティス, ギガント・インセクト, , R,5, 自然, , クリーチャー
GIAL,キング・マゼラン, リヴァイアサン, , VR,7, 水, , クリーチャー
ZAAK,レジェンダリー・パイロン, リヴァイアサン, , SR,7, 水, , クリーチャー
PUAT,クリムゾン・ワイバーン, アーマード・ワイバーン, , SR,8, 火, , クリーチャー
4EAB,アクア・シューター, リキッド・ピープル, , BASIC,4, 水, , クリーチャー
AAAZ,激昂するダッシュ・ホーン, ホーン・ビースト, , R,5, 自然, , クリーチャー
JMAG,聖核の精霊ウルセリオス, エンジェル・コマンド, , SR,8, 光, , クリーチャー
V4BK,緑神龍ク?レカ?リコ?ン, アース・ドラゴン, , UC,5, 自然, , クリーチャー
ZAAB,ハンター・クラスター, サイバー・クラスター, , BASIC,4, 水, , クリーチャー
JMBL,突然の超人, ジャイアント, , C,5, 自然, , クリーチャー
4EBX,荒野の猛進, ビーストフォーク, , C,5, 自然, , クリーチャー
SYBF,メカピン, サイバーロード, , UC,6, 水, , クリーチャー
GIBF,アクア・バウンサー, リキッド・ピープル, , R,6, 水, , クリーチャー
V4AO,シーマイン, フィッシュ, , C,6, 水, , クリーチャー
4EAM,キング・ネプタス, リヴァイアサン, , UC,6, 水, , クリーチャー
AAAC,アクア・ナイト, リキッド・ピープル, , BASIC,5, 水, , クリーチャー
AAAN,アクア・レンジャー, リキッド・ピープル, , UC,6, 水, , クリーチャー
MQAM,マリン・スクランブル, 呪文, , R,7, 水, , 呪文
SYBT,アナライズ・チャージャー, 呪文, , R,7, 水, , 呪文
ZAAL,キング・ポセイドン, リヴァイアサン, , R,6, 水, , クリーチャー
DEAZ,神拳の超人, ジャイアント, , R,6, 自然, , クリーチャー
ZABK,緑神龍アンリストヴァル, アース・ドラゴン, , UC,6, 自然, , クリーチャー
4EA3,シェル・タワー, コロニー・ビートル, , C,6, 自然, , クリーチャー
JMBF,エウロピカ, シー・ハッカー, , R,7, 水, , クリーチャー
V4BF,シャインシェル・クラスター, サイバー・クラスター, , UC,7, 水, , クリーチャー
4EAL,混沌魚, ゲル・フィッシュ, , R,7, 水, , クリーチャー
AAAM,キング・ノーチラス, リヴァイアサン, , R,7, 水, , クリーチャー
PUBT,ファンタジー・フィッシュ, ゲル・フィッシュ, , R,7, 水, , クリーチャー
GIA2,シェル・ストーム, コロニー・ビートル, , UC,7, 自然, , クリーチャー
JMBI,ボルシャック・スピード・ドラゴン, アーマード・ドラゴン, , VR,8, 火, , クリーチャー
ZAAG,閃光の求道者ラ・ベイル, メガサンダー, , VR,8, 光, , クリーチャー
JMBS,彗星の精霊リムエル, エンジェル・コマンド, , VR,8, 光, , クリーチャー
4EBW,緑神龍アーク・デラセルナ, アース・ドラゴン, , VR,8, 自然, , クリーチャー
ZAAX,不落の超人, ジャイアント, , SR,8, 自然, , クリーチャー
DEBK,薩摩の超人, ジャイアント, , VR,9, 自然, , クリーチャー
JMA2,シザーズ・ビートル, ギガント・インセクト, , UC,7, 自然, , クリーチャー
GIAZ,夜明けの超人, ジャイアント, , R,7, 自然, , クリーチャー
JMAZ,ゼノ・マンティス, ギガント・インセクト, , R,7, 自然, , クリーチャー
MQAZ,ガイアクロウ・ワスプ, ギガント・インセクト, , R,7, 自然, , クリーチャー
MQBI,ク?ラテ?ィアン・レット?・ト?ラコ?ン, アーマード・ドラゴン, , VR,10, 火, , クリーチャー
4EBJ,超神龍バイラス・テンペスト, アース・ドラゴン, , SR,8, 自然, , クリーチャー
DEAC,キング・オリオン, リヴァイアサン, , BASIC,7, 水, , クリーチャー
MQAC,クリスタル・ジャベリン, リキッド・ピープル, , BASIC,7, 水, , クリーチャー
DEBX,哀哭の超人, ジャイアント, , R,7, 自然, , クリーチャー
GIAN,シー・スラッグ, ゲル・フィッシュ, , UC,8, 水, , クリーチャー
SYAK,アクア・スナイパー, リキッド・ピープル, , SR,8, 水, , クリーチャー
AABF,キング・アトランティス, リヴァイアサン, , VR,12, 水, , クリーチャー
